Handle,Title,Body (HTML),Vendor,Product Category,Type,Tags,Published,Option1 Name,Option1 Value,Variant SKU,Variant Grams,Variant Inventory Tracker,Variant Inventory Qty,Variant Inventory Policy,Variant Fulfillment Service,Variant Price,Variant Compare At Price,Variant Requires Shipping,Variant Taxable,Variant Barcode,Image Src,Image Position,Image Alt Text,Gift Card,SEO Title,SEO Description,Variant Weight Unit,Status
golden-gate-bridge-guld-metalmodel,Golden Gate Bridge i guld – 3D-metalmodel,"<p>Verdens måske mest fotograferede bro, i en guldfarvet udgave på størrelse med en kuglepen. Delene sidder i et tyndt stålark, og du knækker dem forsigtigt ud og samler dem ved at bukke små tapper gennem hullerne. Der skal hverken lim eller lodning til, men en spidstang eller pincet gør det meget nemmere. Den færdige bro er fin på skrivebordet eller i reolen.</p><ul><li><strong>Byggetid:</strong> Oplyses ikke af producenten. Ét ark og sværhedsgrad let gør den til et kort projekt</li><li><strong>Antal dele:</strong> 1 metalark (ca. 10 × 10 cm)</li><li><strong>Mål (færdig):</strong> ca. 15 × 0,8 × 4,5 cm</li><li><strong>Sværhedsgrad:</strong> Let</li><li><strong>Anbefalet alder:</strong> 14+</li></ul><p><strong>Hvem er den til?</strong> Til dig, der vil prøve metalmodeller for første gang, eller som en lille ekstra gave til en, der har stået på broen.</p>",Metal Earth,,3D-metalmodel,"Tilkøb, Sværhed: Let, Tema: Bygninger og vartegn",FALSE,Title,Default Title,BKC-ME-MMS001G,,shopify,0,deny,manual,89.00,,TRUE,TRUE,,,,,FALSE,Golden Gate Bridge i guld – 3D-metalmodel | Big Kid Club,Golden Gate Bridge i guld – 3D-metalmodel fra Metal Earth. Byggesæt til voksne. Fri fragt fra 499 kr.,g,draft
gummiged-metalmodel-farve,Gummiged i farver – 3D-metalmodel,"<p>En gummiged i orange og sort stål med skovl, førerhus og store hjul. Alle dele er forfarvede, så du skal ikke male noget. Du løsner delene fra arket og bukker tapperne på plads, uden lim. Modellen er klassificeret som udfordrende af producenten, fordi mange små dele skal bukkes præcist. Det er netop det, der gør den tilfredsstillende at få færdig.</p><ul><li><strong>Byggetid:</strong> Oplyses ikke af producenten</li><li><strong>Antal dele:</strong> 108</li><li><strong>Mål (færdig):</strong> ca. 9,2 × 3,3 × 3,9 cm</li><li><strong>Sværhedsgrad:</strong> Udfordrende</li></ul><p><strong>Hvem er den til?</strong> Til den tålmodige, der kan lide maskiner og fine detaljer, og som har en pincet eller spidstang ved hånden.</p>",Metal Earth,,3D-metalmodel,"Tilkøb, Sværhed: Udfordrende, Tema: Køretøjer",FALSE,Title,Default Title,BKC-ME-MMS183,,shopify,0,deny,manual,119.00,,TRUE,TRUE,,,,,FALSE,Gummiged i farver – 3D-metalmodel | Big Kid Club,Gummiged i farver – 3D-metalmodel fra Metal Earth. 108 dele. Byggesæt til voksne. Fri fragt fra 499 kr.,g,draft
karrusel-mini-3d-traemodel,Karrusel – mini 3D-træmodel,"<p>En lille, klassisk karrusel i lasercut træ med heste, tag og alle de små pynte-detaljer. Delene er nummererede og klikkes sammen uden lim, så du kan bygge den ved spisebordet en stille aften. Den færdige karrusel er en hyggelig lille figur til vindueskarmen eller reolen, og en nem gave at sende med posten.</p><ul><li><strong>Byggetid:</strong> Oplyses ikke af producenten</li><li><strong>Antal dele:</strong> 174</li><li><strong>Mål (færdig):</strong> ca. 12 × 12 × 15 cm</li><li><strong>Sværhedsgrad:</strong> Mellem (3 ud af 5 hos producenten)</li><li><strong>Anbefalet alder:</strong> 8+</li></ul><p><strong>Hvem er den til?</strong> Til dig, der vil prøve et træbyggesæt uden at gå all in, eller som en lille opmærksomhed til en, der elsker tivoli.</p>",Rolife,,3D-træmodel,"Tilkøb, Sværhed: Mellem, Tema: Forlystelser",FALSE,Title,Default Title,BKC-RL-TG404,,shopify,0,deny,manual,99.00,,TRUE,TRUE,,,,,FALSE,Karrusel – mini 3D-træmodel | Big Kid Club,Karrusel – mini 3D-træmodel fra Rolife. 174 dele. Byggesæt til voksne. Fri fragt fra 499 kr.,g,draft
compact-racer-mekanisk-traebil,Compact Racer – mekanisk træbil,"<p>En lille racerbil i træ fra Ugears, som er kendt for mekaniske modeller, der samles helt uden lim. Delene trykkes ud af træpladerne og samles efter en tegnet vejledning. Compact Racer er et af de hurtigste Ugears-sæt at bygge og derfor et godt sted at starte, hvis du vil se, om mekaniske træmodeller er noget for dig.</p><ul><li><strong>Byggetid:</strong> ca. 25–30 minutter</li><li><strong>Antal dele:</strong> 90</li><li><strong>Mål (færdig):</strong> ca. 13,3 × 3,3 × 6,2 cm</li><li><strong>Sværhedsgrad:</strong> Let</li></ul><p><strong>Hvem er den til?</strong> Til begynderen, til frokostpausen, eller som tilkøb til en, der allerede har fået smag for Ugears.</p>",Ugears,,Mekanisk træmodel,"Tilkøb, Sværhed: Let, Tema: Køretøjer",FALSE,Title,Default Title,BKC-UG-122086,,shopify,0,deny,manual,149.00,,TRUE,TRUE,,,,,FALSE,Compact Racer – mekanisk træbil | Big Kid Club,"Compact Racer – mekanisk træbil fra Ugears. 90 dele, byggetid ca. 25–30 minutter. Byggesæt til voksne. Fri fragt fra 499 kr.",g,draft
wheel-organizer-mekanisk-penneholder,Wheel-Organizer 2.0 – mekanisk penneholder,"<p>En penneholder til skrivebordet med en lille planetgear-mekanisme indeni. Når du drejer på hjulet, kører holderne rundt. Den har plads til seks kuglepenne, blyanter eller pensler. Som alle Ugears-modeller samles den af lasercut træ uden lim eller værktøj. Et byggesæt, du faktisk bruger hver dag bagefter, og som får folk til at spørge, hvor du har den fra.</p><ul><li><strong>Byggetid:</strong> ca. 1 time</li><li><strong>Antal dele:</strong> 51</li><li><strong>Mål (færdig):</strong> ca. 11 × 9 × 9,3 cm</li><li><strong>Sværhedsgrad:</strong> Let</li><li><strong>Anbefalet alder:</strong> 14+</li></ul><p><strong>Hvem er den til?</strong> Til skrivebordsnørden, kollegaen eller den studerende. Både en lille gave og et lille projekt.</p>",Ugears,,Mekanisk træmodel,"Tilkøb, Sværhed: Let, Tema: Skrivebord, Gaveidé",FALSE,Title,Default Title,BKC-UG-WHEELORG2,,shopify,0,deny,manual,149.00,,TRUE,TRUE,,,,,FALSE,Wheel-Organizer 2.0 – mekanisk penneholder | Big Kid Club,"Wheel-Organizer 2.0 – mekanisk penneholder fra Ugears. 51 dele, byggetid ca. 1 time. Byggesæt til voksne. Fri fragt fra 499 kr.",g,draft
pet-shop-miniaturebutik,Pet Shop – lille miniaturebutik,"<p>En bitte lille dyrehandel med rød dør, gul facade og et skilt formet som et kødben. Indenfor venter en hvalp og en kat, foderposer og plejeartikler i miniformat. Delene er lavet af forfarvet træ og karton, så du ikke skal male, og de samles efter en billedvejledning, typisk uden lim og værktøj.</p><ul><li><strong>Byggetid:</strong> ca. 1–1,5 time</li><li><strong>Antal dele:</strong> TJEK hos leverandør</li><li><strong>Mål (færdig):</strong> ca. 11,4 × 10,2 × 4,6 cm (h × b × d)</li><li><strong>Sværhedsgrad:</strong> Let</li></ul><p><strong>Hvem er den til?</strong> Til dyreelskeren og til dig, der vil prøve miniaturer uden at give dig i kast med et helt hus.</p>",Rolife,,Miniaturehus,"Tilkøb, Sværhed: Let, Tema: Bygninger og vartegn",FALSE,Title,Default Title,BKC-RL-TINYPET,,shopify,0,deny,manual,149.00,,TRUE,TRUE,,,,,FALSE,Pet Shop – lille miniaturebutik | Big Kid Club,"Pet Shop – lille miniaturebutik fra Rolife. Byggetid ca. 1–1,5 time. Byggesæt til voksne. Fri fragt fra 499 kr.",g,draft
secret-bloomy-nook-book-nook,Secret Bloomy Nook – book nook,"<p>En book nook er et lille diorama, der står mellem bøgerne i reolen, som et hemmeligt stræde ind i en anden verden. Secret Bloomy Nook er en blomsterfyldt gyde med små facader og detaljer, du bygger lag for lag. Producenten kalder den begyndervenlig, men med 246 dele og omkring seks timers byggetid er den et rigtigt aftenprojekt, gerne fordelt over et par gange.</p><ul><li><strong>Byggetid:</strong> ca. 6 timer</li><li><strong>Antal dele:</strong> 246</li><li><strong>Mål (færdig):</strong> ca. 14 × 14,9 × 18 cm</li><li><strong>Sværhedsgrad:</strong> Let (begynder), men lang byggetid</li><li><strong>Anbefalet alder:</strong> 14+</li></ul><p><strong>Hvem er den til?</strong> Til bogelskeren, til dig, der vil have et skærmfrit projekt, og som gave til en, der har alt i forvejen.</p>",Rolife,,Book nook,"Kerne, Sværhed: Let, Tema: Book nook, Gaveidé",FALSE,Title,Default Title,BKC-RL-TGE04,,shopify,0,deny,manual,349.00,,TRUE,TRUE,,,,,FALSE,Secret Bloomy Nook – book nook | Big Kid Club,"Secret Bloomy Nook – book nook fra Rolife. 246 dele, byggetid ca. 6 timer. Byggesæt til voksne. Fri fragt fra 499 kr.",g,draft
marble-explorer-kuglebane-trae,Marble Explorer – kuglebane i træ,"<p>En mekanisk kuglebane i lasercut krydsfiner, hvor stålkugler løftes op og triller ned ad baner, spiraler og trapper. Du bygger den af 260 dele uden lim, og bagefter er det svært at lade være med at sætte den i gang igen og igen. Byggeriet tager omkring seks timer, og du kan følge mekanikken tage form undervejs.</p><ul><li><strong>Byggetid:</strong> ca. 6 timer</li><li><strong>Antal dele:</strong> 260</li><li><strong>Mål (færdig):</strong> ca. 25,5 × 22,9 × 20,4 cm</li><li><strong>Sværhedsgrad:</strong> Mellem (4 ud af 6 hos producenten)</li><li><strong>Anbefalet alder:</strong> 14+</li></ul><p><strong>Hvem er den til?</strong> Til dig, der kan lide at forstå, hvordan ting virker. Også en oplagt gave til en ingeniør eller en, der savner sin barndoms kuglebane.</p>",ROKR,,Mekanisk træmodel,"Kerne, Sværhed: Mellem, Tema: Kuglebane, Gaveidé",FALSE,Title,Default Title,BKC-RK-LG503,,shopify,0,deny,manual,349.00,,TRUE,TRUE,,,,,FALSE,Marble Explorer – kuglebane i træ | Big Kid Club,"Marble Explorer – kuglebane i træ fra ROKR. 260 dele, byggetid ca. 6 timer. Byggesæt til voksne. Fri fragt fra 499 kr.",g,draft
pink-beauty-secret-miniaturehus,Pink Beauty Secret – miniaturehus,"<p>En lille skønhedsbutik i rosa nuancer med hylder, spejle og bittesmå produkter. Den er en del af Rolifes Super Creator-serie, hvor du bygger rummet op med rene linjer og mange små detaljer. Byggeriet tager omkring en time. Bemærk: tag og støvtæt dør sælges separat hos producenten, og den indbyggede LED skal bruge USB-C-strøm. Kabel og adapter følger ikke med.</p><ul><li><strong>Byggetid:</strong> ca. 1 time</li><li><strong>Antal dele:</strong> 115</li><li><strong>Mål (færdig):</strong> ca. 16,3 × 16,3 × 15,2 cm</li><li><strong>Sværhedsgrad:</strong> Let</li></ul><p><strong>Hvem er den til?</strong> Til dig, der elsker miniaturer, rosa og hyggelige detaljer, og som en gave, der kan bygges på en enkelt aften.</p>",Rolife,,Miniaturehus,"Kerne, Sværhed: Let, Tema: Bygninger og vartegn, Gaveidé",FALSE,Title,Default Title,BKC-RL-PINKBEAUTY,,shopify,0,deny,manual,379.00,,TRUE,TRUE,,,,,FALSE,Pink Beauty Secret – miniaturehus | Big Kid Club,"Pink Beauty Secret – miniaturehus fra Rolife. 115 dele, byggetid ca. 1 time. Byggesæt til voksne. Fri fragt fra 499 kr.",g,draft
trimaran-merihobus-mekanisk-sejlbaad,Trimaran Merihobus – mekanisk sejlbåd i træ,"<p>En stor trimaran med tre skrog, master og sejl, bygget af 237 dele i lasercut træ uden lim eller specialværktøj. Med en højde på over en halv meter er den et samtalestykke på hylden eller i vindueskarmen. Byggetiden er 12–15 timer, så det er et projekt til flere weekender. Vejledningen er trin for trin og i farver.</p><ul><li><strong>Byggetid:</strong> ca. 12–15 timer</li><li><strong>Antal dele:</strong> 237</li><li><strong>Mål (færdig):</strong> ca. 41 × 23,5 × 56 cm</li><li><strong>Sværhedsgrad:</strong> Udfordrende</li></ul><p><strong>Hvem er den til?</strong> Til sejleren, modelbyggeren og dig, der vil have et større projekt at se frem til i weekenden.</p>",Ugears,,Mekanisk træmodel,"Premium, Sværhed: Udfordrende, Tema: Skibe, Gaveidé",FALSE,Title,Default Title,BKC-UG-70059,,shopify,0,deny,manual,599.00,,TRUE,TRUE,,,,,FALSE,Trimaran Merihobus – mekanisk sejlbåd i træ | Big Kid Club,"Trimaran Merihobus – mekanisk sejlbåd i træ fra Ugears. 237 dele, byggetid ca. 12–15 timer. Byggesæt til voksne. Fri fragt fra 499 kr.",g,draft
dream-coffee-factory-mekanisk-kaffefabrik,Dream Coffee Factory – mekanisk kaffefabrik med musik,"<p>En lille kaffefabrik i træ med bevægelige dele, LED-lys og spilledåse. Når den kører, bevæger mekanikken sig, og musikken spiller. Den samles med traditionelle tap-og-hul-samlinger uden lim, af 593 dele. Med omkring ti timers byggetid er den et af de største projekter i butikken. Den er både en mekanisk model og et miniaturehus.</p><ul><li><strong>Byggetid:</strong> ca. 10 timer</li><li><strong>Antal dele:</strong> 593</li><li><strong>Mål (færdig):</strong> ca. 23,7 × 16,6 × 25 cm</li><li><strong>Sværhedsgrad:</strong> Udfordrende</li></ul><p><strong>Hvem er den til?</strong> Til kaffeelskeren og den erfarne bygger, eller som den store gave, der giver flere hyggelige aftener.</p>",ROKR,,Mekanisk træmodel,"Premium, Sværhed: Udfordrende, Tema: Bygninger og vartegn, Miniaturehus, Gaveidé",FALSE,Title,Default Title,BKC-RK-EAB02,,shopify,0,deny,manual,599.00,,TRUE,TRUE,,,,,FALSE,Dream Coffee Factory – mekanisk kaffefabrik med musik,"Dream Coffee Factory – mekanisk kaffefabrik med musik fra ROKR. 593 dele, byggetid ca. 10 timer. Byggesæt til voksne. Fri fragt fra 499 kr.",g,draft
